id,pregunta
[0],How can I convert a huge number from x base numbering system to y base numbering system?
[1],
[2],ASP.NET Core: Razor: Post QueryString as is to a razor handler
[3],
[4],error: The requested array has an inhomogeneous shape after 2 dimensions
[5],
[6],How to connect a react native app without docker to a django docker container?
[7],
[8],Autoload with psr-4 my own classes in a monorepo
[9],
[10],"How to make Application Insights stop logging ""AspNetCoreEnvironment: Production""?"
[11],
[12],MLP for regression using PyTorch
[13],
[14],Typescript configuration to use modules
[15],
[16],Can someone help me to understand this python code?
[17],
[18],Priority Matrix in Google Sheets
[19],
[20],what technology to choose to produce results based on the selected parameters
[21],
[22],"two scrollview side by side ,one dose not show the content"
[23],
[24],Migrating from Firebase Storage to CloudKit
[25],
[26],Check if element is at least half in viewport
[27],
[28],How to import a library only if it exists in Vite?
[29],
id,pregunta
[0],Avaloniaui Control Theme and Child Styles
[1],
[2],Sort DF bu multiple columns and custom order
[3],
[4],How do I click image elements and words on a webpage in selenium nodejs?
[5],
[6],VSCode IntelliSense not working properly for NextJS Typescript
[7],
[8],Is there some iterative way to compute heading and GPS projection at the same time?
[9],
[10],Error while downloading C# extension it show an error
[11],
[12],Trouble selecting element and sending keys Python Selenium
[13],
[14],Eclipse does not copy the files in java test resources to the target test-classes folder when running project clean
[15],
[16],Collecting test suite time in aws device farm
[17],
[18],DBMS API Library loading fails in SQLAPI++ PostgreSQL
[19],
[20],Unable to get id value in vanilla JavaScript
[21],
[22],How to unit test a XML document to string transformation method
[23],
[24],Browser encoding of double quotes
[25],
[26],I see the contents of the previous modal before updating to the new one. How to fix this issue?
[27],
[28],How to Execute More Than One Command in a Single Shell Script?
[29],
